{
  "hash": "9a834f0c",
  "configHash": "2f52159a",
  "lockfileHash": "4baafd49",
  "browserHash": "0f6a3d8a",
  "optimized": {
    "@angular/core": {
      "src": "../../../../../../node_modules/@angular/core/fesm2022/core.mjs",
      "file": "@angular_core.js",
      "fileHash": "fb147d99",
      "needsInterop": false
    },
    "@angular/forms": {
      "src": "../../../../../../node_modules/@angular/forms/fesm2022/forms.mjs",
      "file": "@angular_forms.js",
      "fileHash": "871bfd1f",
      "needsInterop": false
    },
    "@angular/platform-browser": {
      "src": "../../../../../../node_modules/@angular/platform-browser/fesm2022/platform-browser.mjs",
      "file": "@angular_platform-browser.js",
      "fileHash": "b02c9ffc",
      "needsInterop": false
    },
    "@angular/router": {
      "src": "../../../../../../node_modules/@angular/router/fesm2022/router.mjs",
      "file": "@angular_router.js",
      "fileHash": "75ecff8a",
      "needsInterop": false
    },
    "@angular/common/http": {
      "src": "../../../../../../node_modules/@angular/common/fesm2022/http.mjs",
      "file": "@angular_common_http.js",
      "fileHash": "b0fe21df",
      "needsInterop": false
    },
    "@angular/common": {
      "src": "../../../../../../node_modules/@angular/common/fesm2022/common.mjs",
      "file": "@angular_common.js",
      "fileHash": "7dce13c1",
      "needsInterop": false
    }
  },
  "chunks": {
    "chunk-DP5BB6VF": {
      "file": "chunk-DP5BB6VF.js"
    },
    "chunk-55WSUAAI": {
      "file": "chunk-55WSUAAI.js"
    },
    "chunk-HVF36QVL": {
      "file": "chunk-HVF36QVL.js"
    },
    "chunk-SOL5XZJW": {
      "file": "chunk-SOL5XZJW.js"
    },
    "chunk-LKBYGJ3F": {
      "file": "chunk-LKBYGJ3F.js"
    }
  }
}